IsActiveMember,Stayed (%),Churned (%)
0,73.14910290781604,26.850897092183956
1,85.73092603377985,14.269073966220153
