Gender,Stayed (%),Churned (%)
Female,74.92846136913933,25.071538630860662
Male,83.54407183434121,16.455928165658786
