Geography,Stayed (%),Churned (%)
France,83.84523334662943,16.15476665337056
Germany,67.55679553607014,32.44320446392985
Spain,83.3266047638272,16.673395236172787
