HasCrCard,Stayed (%),Churned (%)
0,79.18505942275043,20.814940577249573
1,79.81573352232459,20.184266477675408
