NumOfProducts,Stayed (%),Churned (%)
1,72.28560188827696,27.714398111723053
2,92.41830065359477,7.5816993464052285
3,17.293233082706767,82.70676691729322
4,0.0,100.0
