Feature,Importance
Age,0.23862934770616848
EstimatedSalary,0.15007898513046516
CreditScore,0.14447504896067534
Balance,0.1409367040818247
NumOfProducts,0.12969549605714498
Tenure,0.08005474000567618
IsActiveMember,0.03962811891877189
Geography_enc,0.03869940441928288
HasCrCard,0.019421440469205315
Gender_enc,0.018380714250785125
